"type","range","value","country"
"sediment","low",13557359552865.6,"bh_benhab_03042021_merge_gridcode.tif.vat.dbf"
"sediment","mean",50903864082241.9,"bh_benhab_03042021_merge_gridcode.tif.vat.dbf"
"sediment","high",89000504415265.3,"bh_benhab_03042021_merge_gridcode.tif.vat.dbf"
"sediment","low",13584702771553,"bh_benhab_03042021_merge_gridcode.tif.vat.dbf"
"sediment","mean",50915155997226,"bh_benhab_03042021_merge_gridcode.tif.vat.dbf"
"sediment","high",89017453731888.2,"bh_benhab_03042021_merge_gridcode.tif.vat.dbf"
"sediment","low",13580662484682.7,"bh_benhab_03042021_merge_gridcode.tif.vat.dbf"
"sediment","mean",50910647198570.4,"bh_benhab_03042021_merge_gridcode.tif.vat.dbf"
"sediment","high",89017066619774.7,"bh_benhab_03042021_merge_gridcode.tif.vat.dbf"
"sediment","low",13573073533120.3,"bh_benhab_03042021_merge_gridcode.tif.vat.dbf"
"sediment","mean",50912016035384,"bh_benhab_03042021_merge_gridcode.tif.vat.dbf"
"sediment","high",88985684537289.6,"bh_benhab_03042021_merge_gridcode.tif.vat.dbf"
"sediment","low",13571107239759.6,"bh_benhab_03042021_merge_gridcode.tif.vat.dbf"
"sediment","mean",50906953140244.6,"bh_benhab_03042021_merge_gridcode.tif.vat.dbf"
"sediment","high",89006582257278.8,"bh_benhab_03042021_merge_gridcode.tif.vat.dbf"
"sediment","low",13553548440875.5,"bh_benhab_03042021_merge_gridcode.tif.vat.dbf"
"sediment","mean",50916907403945.2,"bh_benhab_03042021_merge_gridcode.tif.vat.dbf"
"sediment","high",89016139488287.6,"bh_benhab_03042021_merge_gridcode.tif.vat.dbf"
"sediment","low",13590782966841,"bh_benhab_03042021_merge_gridcode.tif.vat.dbf"
"sediment","mean",50923668827244.3,"bh_benhab_03042021_merge_gridcode.tif.vat.dbf"
"sediment","high",89053920453433.2,"bh_benhab_03042021_merge_gridcode.tif.vat.dbf"
"sediment","low",13603943554969,"bh_benhab_03042021_merge_gridcode.tif.vat.dbf"
"sediment","mean",50913106940293.2,"bh_benhab_03042021_merge_gridcode.tif.vat.dbf"
"sediment","high",88986665516760.2,"bh_benhab_03042021_merge_gridcode.tif.vat.dbf"
"sediment","low",13571267370930.6,"bh_benhab_03042021_merge_gridcode.tif.vat.dbf"
"sediment","mean",50909143129713.8,"bh_benhab_03042021_merge_gridcode.tif.vat.dbf"
"sediment","high",89028965744867.9,"bh_benhab_03042021_merge_gridcode.tif.vat.dbf"
"sediment","low",13570775016008.4,"bh_benhab_03042021_merge_gridcode.tif.vat.dbf"
"sediment","mean",50916037344038.2,"bh_benhab_03042021_merge_gridcode.tif.vat.dbf"
"sediment","high",89016875944613.8,"bh_benhab_03042021_merge_gridcode.tif.vat.dbf"
"sediment","low",15401430029.0391,"bvi_mar_benhab4m_2021_EEZs_gridcode.tif.vat.dbf"
"sediment","mean",57743670092.1333,"bvi_mar_benhab4m_2021_EEZs_gridcode.tif.vat.dbf"
"sediment","high",100955646403.038,"bvi_mar_benhab4m_2021_EEZs_gridcode.tif.vat.dbf"
"sediment","low",15407089100.7064,"bvi_mar_benhab4m_2021_EEZs_gridcode.tif.vat.dbf"
"sediment","mean",57761603444.6627,"bvi_mar_benhab4m_2021_EEZs_gridcode.tif.vat.dbf"
"sediment","high",100941563566.541,"bvi_mar_benhab4m_2021_EEZs_gridcode.tif.vat.dbf"
"sediment","low",15380974782.4409,"bvi_mar_benhab4m_2021_EEZs_gridcode.tif.vat.dbf"
"sediment","mean",57746534382.5283,"bvi_mar_benhab4m_2021_EEZs_gridcode.tif.vat.dbf"
"sediment","high",100948832244.708,"bvi_mar_benhab4m_2021_EEZs_gridcode.tif.vat.dbf"
"sediment","low",15410780772.4877,"bvi_mar_benhab4m_2021_EEZs_gridcode.tif.vat.dbf"
"sediment","mean",57740298581.92,"bvi_mar_benhab4m_2021_EEZs_gridcode.tif.vat.dbf"
"sediment","high",100935225192.304,"bvi_mar_benhab4m_2021_EEZs_gridcode.tif.vat.dbf"
"sediment","low",15400790495.1818,"bvi_mar_benhab4m_2021_EEZs_gridcode.tif.vat.dbf"
"sediment","mean",57735174445.3837,"bvi_mar_benhab4m_2021_EEZs_gridcode.tif.vat.dbf"
"sediment","high",100934276449.802,"bvi_mar_benhab4m_2021_EEZs_gridcode.tif.vat.dbf"
"sediment","low",15385846252.2458,"bvi_mar_benhab4m_2021_EEZs_gridcode.tif.vat.dbf"
"sediment","mean",57745821889.2225,"bvi_mar_benhab4m_2021_EEZs_gridcode.tif.vat.dbf"
"sediment","high",100938827773.102,"bvi_mar_benhab4m_2021_EEZs_gridcode.tif.vat.dbf"
"sediment","low",15400058935.0408,"bvi_mar_benhab4m_2021_EEZs_gridcode.tif.vat.dbf"
"sediment","mean",57752361436.0204,"bvi_mar_benhab4m_2021_EEZs_gridcode.tif.vat.dbf"
"sediment","high",100935149741.953,"bvi_mar_benhab4m_2021_EEZs_gridcode.tif.vat.dbf"
"sediment","low",15381031438.0669,"bvi_mar_benhab4m_2021_EEZs_gridcode.tif.vat.dbf"
"sediment","mean",57723276109.3507,"bvi_mar_benhab4m_2021_EEZs_gridcode.tif.vat.dbf"
"sediment","high",100963497287.205,"bvi_mar_benhab4m_2021_EEZs_gridcode.tif.vat.dbf"
"sediment","low",15381398831.6689,"bvi_mar_benhab4m_2021_EEZs_gridcode.tif.vat.dbf"
"sediment","mean",57731839114.0714,"bvi_mar_benhab4m_2021_EEZs_gridcode.tif.vat.dbf"
"sediment","high",100931482490.516,"bvi_mar_benhab4m_2021_EEZs_gridcode.tif.vat.dbf"
"sediment","low",15413172522.6737,"bvi_mar_benhab4m_2021_EEZs_gridcode.tif.vat.dbf"
"sediment","mean",57738992874.4801,"bvi_mar_benhab4m_2021_EEZs_gridcode.tif.vat.dbf"
"sediment","high",100969871190.432,"bvi_mar_benhab4m_2021_EEZs_gridcode.tif.vat.dbf"
"sediment","low",21500795681.548,"cymn_mar_benhab4m_2021_gridcode.tif.vat.dbf"
"sediment","mean",80651534060.4109,"cymn_mar_benhab4m_2021_gridcode.tif.vat.dbf"
"sediment","high",141004549678.581,"cymn_mar_benhab4m_2021_gridcode.tif.vat.dbf"
"sediment","low",21480987339.1766,"cymn_mar_benhab4m_2021_gridcode.tif.vat.dbf"
"sediment","mean",80643598693.186,"cymn_mar_benhab4m_2021_gridcode.tif.vat.dbf"
"sediment","high",141001850611.602,"cymn_mar_benhab4m_2021_gridcode.tif.vat.dbf"
"sediment","low",21500149999.9142,"cymn_mar_benhab4m_2021_gridcode.tif.vat.dbf"
"sediment","mean",80607512138.8713,"cymn_mar_benhab4m_2021_gridcode.tif.vat.dbf"
"sediment","high",141007247247.457,"cymn_mar_benhab4m_2021_gridcode.tif.vat.dbf"
"sediment","low",21504168191.9199,"cymn_mar_benhab4m_2021_gridcode.tif.vat.dbf"
"sediment","mean",80635716020.4209,"cymn_mar_benhab4m_2021_gridcode.tif.vat.dbf"
"sediment","high",140965171258.573,"cymn_mar_benhab4m_2021_gridcode.tif.vat.dbf"
"sediment","low",21519164518.8179,"cymn_mar_benhab4m_2021_gridcode.tif.vat.dbf"
"sediment","mean",80642047096.7156,"cymn_mar_benhab4m_2021_gridcode.tif.vat.dbf"
"sediment","high",140975164746.687,"cymn_mar_benhab4m_2021_gridcode.tif.vat.dbf"
"sediment","low",21536399016.562,"cymn_mar_benhab4m_2021_gridcode.tif.vat.dbf"
"sediment","mean",80627876057.1285,"cymn_mar_benhab4m_2021_gridcode.tif.vat.dbf"
"sediment","high",140962792366.759,"cymn_mar_benhab4m_2021_gridcode.tif.vat.dbf"
"sediment","low",21516522933.7879,"cymn_mar_benhab4m_2021_gridcode.tif.vat.dbf"
"sediment","mean",80630785625.9408,"cymn_mar_benhab4m_2021_gridcode.tif.vat.dbf"
"sediment","high",140965359233.109,"cymn_mar_benhab4m_2021_gridcode.tif.vat.dbf"
"sediment","low",21543269663.6578,"cymn_mar_benhab4m_2021_gridcode.tif.vat.dbf"
"sediment","mean",80647417386.188,"cymn_mar_benhab4m_2021_gridcode.tif.vat.dbf"
"sediment","high",140951596350.554,"cymn_mar_benhab4m_2021_gridcode.tif.vat.dbf"
"sediment","low",21490277356.1483,"cymn_mar_benhab4m_2021_gridcode.tif.vat.dbf"
"sediment","mean",80647604325.1584,"cymn_mar_benhab4m_2021_gridcode.tif.vat.dbf"
"sediment","high",140982914916.477,"cymn_mar_benhab4m_2021_gridcode.tif.vat.dbf"
"sediment","low",21529320368.1477,"cymn_mar_benhab4m_2021_gridcode.tif.vat.dbf"
"sediment","mean",80625720222.3491,"cymn_mar_benhab4m_2021_gridcode.tif.vat.dbf"
"sediment","high",140906905599.252,"cymn_mar_benhab4m_2021_gridcode.tif.vat.dbf"
"sediment","low",7363917884832.44,"cuba_mar_benhab4m_2021_gridcode.tif.vat.dbf"
"sediment","mean",27611576715505.4,"cuba_mar_benhab4m_2021_gridcode.tif.vat.dbf"
"sediment","high",48269751494370.4,"cuba_mar_benhab4m_2021_gridcode.tif.vat.dbf"
"sediment","low",7352236340486.54,"cuba_mar_benhab4m_2021_gridcode.tif.vat.dbf"
"sediment","mean",27611524730244.1,"cuba_mar_benhab4m_2021_gridcode.tif.vat.dbf"
"sediment","high",48277795499302.2,"cuba_mar_benhab4m_2021_gridcode.tif.vat.dbf"
"sediment","low",7351068464824.81,"cuba_mar_benhab4m_2021_gridcode.tif.vat.dbf"
"sediment","mean",27615452941680,"cuba_mar_benhab4m_2021_gridcode.tif.vat.dbf"
"sediment","high",48275984916327.7,"cuba_mar_benhab4m_2021_gridcode.tif.vat.dbf"
"sediment","low",7351158624097.21,"cuba_mar_benhab4m_2021_gridcode.tif.vat.dbf"
"sediment","mean",27614067892221.9,"cuba_mar_benhab4m_2021_gridcode.tif.vat.dbf"
"sediment","high",48283506662517.1,"cuba_mar_benhab4m_2021_gridcode.tif.vat.dbf"
"sediment","low",7356207144698.95,"cuba_mar_benhab4m_2021_gridcode.tif.vat.dbf"
"sediment","mean",27613165833724.5,"cuba_mar_benhab4m_2021_gridcode.tif.vat.dbf"
"sediment","high",48271823926806.8,"cuba_mar_benhab4m_2021_gridcode.tif.vat.dbf"
"sediment","low",7377203211661.15,"cuba_mar_benhab4m_2021_gridcode.tif.vat.dbf"
"sediment","mean",27612551798964.4,"cuba_mar_benhab4m_2021_gridcode.tif.vat.dbf"
"sediment","high",48275484495893.3,"cuba_mar_benhab4m_2021_gridcode.tif.vat.dbf"
"sediment","low",7366003110966.05,"cuba_mar_benhab4m_2021_gridcode.tif.vat.dbf"
"sediment","mean",27615056109649.9,"cuba_mar_benhab4m_2021_gridcode.tif.vat.dbf"
"sediment","high",48272486498577.6,"cuba_mar_benhab4m_2021_gridcode.tif.vat.dbf"
"sediment","low",7371375679338.27,"cuba_mar_benhab4m_2021_gridcode.tif.vat.dbf"
"sediment","mean",27616150201907,"cuba_mar_benhab4m_2021_gridcode.tif.vat.dbf"
"sediment","high",48281827818580,"cuba_mar_benhab4m_2021_gridcode.tif.vat.dbf"
"sediment","low",7361543446620.08,"cuba_mar_benhab4m_2021_gridcode.tif.vat.dbf"
"sediment","mean",27618024117804,"cuba_mar_benhab4m_2021_gridcode.tif.vat.dbf"
"sediment","high",48286260528926.4,"cuba_mar_benhab4m_2021_gridcode.tif.vat.dbf"
"sediment","low",7369805214397.43,"cuba_mar_benhab4m_2021_gridcode.tif.vat.dbf"
"sediment","mean",27612528255275.8,"cuba_mar_benhab4m_2021_gridcode.tif.vat.dbf"
"sediment","high",48267403866107.1,"cuba_mar_benhab4m_2021_gridcode.tif.vat.dbf"
"sediment","low",156681379842.928,"dr_mar_benhab4m_2021_REPAIRED_gridcode.tif.vat.dbf"
"sediment","mean",587778508448.762,"dr_mar_benhab4m_2021_REPAIRED_gridcode.tif.vat.dbf"
"sediment","high",1027735450944.48,"dr_mar_benhab4m_2021_REPAIRED_gridcode.tif.vat.dbf"
"sediment","low",156621523918.393,"dr_mar_benhab4m_2021_REPAIRED_gridcode.tif.vat.dbf"
"sediment","mean",587887201656.333,"dr_mar_benhab4m_2021_REPAIRED_gridcode.tif.vat.dbf"
"sediment","high",1027614945346.62,"dr_mar_benhab4m_2021_REPAIRED_gridcode.tif.vat.dbf"
"sediment","low",156954438127.494,"dr_mar_benhab4m_2021_REPAIRED_gridcode.tif.vat.dbf"
"sediment","mean",587850801683.656,"dr_mar_benhab4m_2021_REPAIRED_gridcode.tif.vat.dbf"
"sediment","high",1027709178294.01,"dr_mar_benhab4m_2021_REPAIRED_gridcode.tif.vat.dbf"
"sediment","low",156614445952.369,"dr_mar_benhab4m_2021_REPAIRED_gridcode.tif.vat.dbf"
"sediment","mean",587782505697.031,"dr_mar_benhab4m_2021_REPAIRED_gridcode.tif.vat.dbf"
"sediment","high",1027599190657.42,"dr_mar_benhab4m_2021_REPAIRED_gridcode.tif.vat.dbf"
"sediment","low",156603565925.216,"dr_mar_benhab4m_2021_REPAIRED_gridcode.tif.vat.dbf"
"sediment","mean",587749647179.601,"dr_mar_benhab4m_2021_REPAIRED_gridcode.tif.vat.dbf"
"sediment","high",1027693616035.21,"dr_mar_benhab4m_2021_REPAIRED_gridcode.tif.vat.dbf"
"sediment","low",156578352284.561,"dr_mar_benhab4m_2021_REPAIRED_gridcode.tif.vat.dbf"
"sediment","mean",587735242426.423,"dr_mar_benhab4m_2021_REPAIRED_gridcode.tif.vat.dbf"
"sediment","high",1027499107701.6,"dr_mar_benhab4m_2021_REPAIRED_gridcode.tif.vat.dbf"
"sediment","low",156803429302.416,"dr_mar_benhab4m_2021_REPAIRED_gridcode.tif.vat.dbf"
"sediment","mean",587896219630.576,"dr_mar_benhab4m_2021_REPAIRED_gridcode.tif.vat.dbf"
"sediment","high",1027681819916.79,"dr_mar_benhab4m_2021_REPAIRED_gridcode.tif.vat.dbf"
"sediment","low",156629801098.823,"dr_mar_benhab4m_2021_REPAIRED_gridcode.tif.vat.dbf"
"sediment","mean",587792865367.424,"dr_mar_benhab4m_2021_REPAIRED_gridcode.tif.vat.dbf"
"sediment","high",1027482406514.45,"dr_mar_benhab4m_2021_REPAIRED_gridcode.tif.vat.dbf"
"sediment","low",156995760538.958,"dr_mar_benhab4m_2021_REPAIRED_gridcode.tif.vat.dbf"
"sediment","mean",587889825926.914,"dr_mar_benhab4m_2021_REPAIRED_gridcode.tif.vat.dbf"
"sediment","high",1027727462700.21,"dr_mar_benhab4m_2021_REPAIRED_gridcode.tif.vat.dbf"
"sediment","low",156635144056.983,"dr_mar_benhab4m_2021_REPAIRED_gridcode.tif.vat.dbf"
"sediment","mean",587811566413.506,"dr_mar_benhab4m_2021_REPAIRED_gridcode.tif.vat.dbf"
"sediment","high",1027721797627.96,"dr_mar_benhab4m_2021_REPAIRED_gridcode.tif.vat.dbf"
"sediment","low",8230969658.17852,"anguilla_mar_benhab4m_2021_gridcode.tif.vat.dbf"
"sediment","mean",30914908956.8742,"anguilla_mar_benhab4m_2021_gridcode.tif.vat.dbf"
"sediment","high",54039306343.1273,"anguilla_mar_benhab4m_2021_gridcode.tif.vat.dbf"
"sediment","low",8234671150.35699,"anguilla_mar_benhab4m_2021_gridcode.tif.vat.dbf"
"sediment","mean",30910951115.4817,"anguilla_mar_benhab4m_2021_gridcode.tif.vat.dbf"
"sediment","high",54038376374.0332,"anguilla_mar_benhab4m_2021_gridcode.tif.vat.dbf"
"sediment","low",8240434751.20127,"anguilla_mar_benhab4m_2021_gridcode.tif.vat.dbf"
"sediment","mean",30911037313.8751,"anguilla_mar_benhab4m_2021_gridcode.tif.vat.dbf"
"sediment","high",54030527172.851,"anguilla_mar_benhab4m_2021_gridcode.tif.vat.dbf"
"sediment","low",8243343671.72527,"anguilla_mar_benhab4m_2021_gridcode.tif.vat.dbf"
"sediment","mean",30904058957.7122,"anguilla_mar_benhab4m_2021_gridcode.tif.vat.dbf"
"sediment","high",54026389380.2231,"anguilla_mar_benhab4m_2021_gridcode.tif.vat.dbf"
"sediment","low",8254590381.77595,"anguilla_mar_benhab4m_2021_gridcode.tif.vat.dbf"
"sediment","mean",30885000479.1983,"anguilla_mar_benhab4m_2021_gridcode.tif.vat.dbf"
"sediment","high",54022371449.9653,"anguilla_mar_benhab4m_2021_gridcode.tif.vat.dbf"
"sediment","low",8240227248.0055,"anguilla_mar_benhab4m_2021_gridcode.tif.vat.dbf"
"sediment","mean",30895702943.7609,"anguilla_mar_benhab4m_2021_gridcode.tif.vat.dbf"
"sediment","high",54023288670.7838,"anguilla_mar_benhab4m_2021_gridcode.tif.vat.dbf"
"sediment","low",8230092469.90086,"anguilla_mar_benhab4m_2021_gridcode.tif.vat.dbf"
"sediment","mean",30905077334.1993,"anguilla_mar_benhab4m_2021_gridcode.tif.vat.dbf"
"sediment","high",54039844986.3748,"anguilla_mar_benhab4m_2021_gridcode.tif.vat.dbf"
"sediment","low",8255053591.97731,"anguilla_mar_benhab4m_2021_gridcode.tif.vat.dbf"
"sediment","mean",30891488296.7147,"anguilla_mar_benhab4m_2021_gridcode.tif.vat.dbf"
"sediment","high",54022913740.622,"anguilla_mar_benhab4m_2021_gridcode.tif.vat.dbf"
"sediment","low",8233753311.82138,"anguilla_mar_benhab4m_2021_gridcode.tif.vat.dbf"
"sediment","mean",30899167779.2579,"anguilla_mar_benhab4m_2021_gridcode.tif.vat.dbf"
"sediment","high",54030307924.4423,"anguilla_mar_benhab4m_2021_gridcode.tif.vat.dbf"
"sediment","low",8230184557.31111,"anguilla_mar_benhab4m_2021_gridcode.tif.vat.dbf"
"sediment","mean",30907251112.1636,"anguilla_mar_benhab4m_2021_gridcode.tif.vat.dbf"
"sediment","high",54033140142.2246,"anguilla_mar_benhab4m_2021_gridcode.tif.vat.dbf"
"sediment","low",34707289185.8898,"antigua_barbuda_mar_benhab4m_2021_gridcode.tif.vat.dbf"
"sediment","mean",130167518035.863,"antigua_barbuda_mar_benhab4m_2021_gridcode.tif.vat.dbf"
"sediment","high",227406263726.991,"antigua_barbuda_mar_benhab4m_2021_gridcode.tif.vat.dbf"
"sediment","low",34691684244.5648,"antigua_barbuda_mar_benhab4m_2021_gridcode.tif.vat.dbf"
"sediment","mean",130090662718.279,"antigua_barbuda_mar_benhab4m_2021_gridcode.tif.vat.dbf"
"sediment","high",227396929430.165,"antigua_barbuda_mar_benhab4m_2021_gridcode.tif.vat.dbf"
"sediment","low",34646885213.8923,"antigua_barbuda_mar_benhab4m_2021_gridcode.tif.vat.dbf"
"sediment","mean",130110275282.123,"antigua_barbuda_mar_benhab4m_2021_gridcode.tif.vat.dbf"
"sediment","high",227452434331.521,"antigua_barbuda_mar_benhab4m_2021_gridcode.tif.vat.dbf"
"sediment","low",34693685073.8018,"antigua_barbuda_mar_benhab4m_2021_gridcode.tif.vat.dbf"
"sediment","mean",130116718926.032,"antigua_barbuda_mar_benhab4m_2021_gridcode.tif.vat.dbf"
"sediment","high",227428538500.329,"antigua_barbuda_mar_benhab4m_2021_gridcode.tif.vat.dbf"
"sediment","low",34749504679.0666,"antigua_barbuda_mar_benhab4m_2021_gridcode.tif.vat.dbf"
"sediment","mean",130097567717.302,"antigua_barbuda_mar_benhab4m_2021_gridcode.tif.vat.dbf"
"sediment","high",227518771584.398,"antigua_barbuda_mar_benhab4m_2021_gridcode.tif.vat.dbf"
"sediment","low",34659571708.3182,"antigua_barbuda_mar_benhab4m_2021_gridcode.tif.vat.dbf"
"sediment","mean",130110899964.562,"antigua_barbuda_mar_benhab4m_2021_gridcode.tif.vat.dbf"
"sediment","high",227486743451.945,"antigua_barbuda_mar_benhab4m_2021_gridcode.tif.vat.dbf"
"sediment","low",34651060490.191,"antigua_barbuda_mar_benhab4m_2021_gridcode.tif.vat.dbf"
"sediment","mean",130125463530.009,"antigua_barbuda_mar_benhab4m_2021_gridcode.tif.vat.dbf"
"sediment","high",227512858469.262,"antigua_barbuda_mar_benhab4m_2021_gridcode.tif.vat.dbf"
"sediment","low",34702736329.2937,"antigua_barbuda_mar_benhab4m_2021_gridcode.tif.vat.dbf"
"sediment","mean",130121405282.732,"antigua_barbuda_mar_benhab4m_2021_gridcode.tif.vat.dbf"
"sediment","high",227538656874.08,"antigua_barbuda_mar_benhab4m_2021_gridcode.tif.vat.dbf"
"sediment","low",34686213392.4644,"antigua_barbuda_mar_benhab4m_2021_gridcode.tif.vat.dbf"
"sediment","mean",130100142460.997,"antigua_barbuda_mar_benhab4m_2021_gridcode.tif.vat.dbf"
"sediment","high",227557629859.104,"antigua_barbuda_mar_benhab4m_2021_gridcode.tif.vat.dbf"
"sediment","low",34674556932.9659,"antigua_barbuda_mar_benhab4m_2021_gridcode.tif.vat.dbf"
"sediment","mean",130108121130.407,"antigua_barbuda_mar_benhab4m_2021_gridcode.tif.vat.dbf"
"sediment","high",227449174135.446,"antigua_barbuda_mar_benhab4m_2021_gridcode.tif.vat.dbf"
"sediment","low",2561018389.48297,"dominica_mar_benhab4m_2021_gridcode.tif.vat.dbf"
"sediment","mean",9607133298.51977,"dominica_mar_benhab4m_2021_gridcode.tif.vat.dbf"
"sediment","high",16792069829.9718,"dominica_mar_benhab4m_2021_gridcode.tif.vat.dbf"
"sediment","low",2557010887.0779,"dominica_mar_benhab4m_2021_gridcode.tif.vat.dbf"
"sediment","mean",9609830994.54003,"dominica_mar_benhab4m_2021_gridcode.tif.vat.dbf"
"sediment","high",16790577488.3783,"dominica_mar_benhab4m_2021_gridcode.tif.vat.dbf"
"sediment","low",2558874758.36211,"dominica_mar_benhab4m_2021_gridcode.tif.vat.dbf"
"sediment","mean",9605057766.63824,"dominica_mar_benhab4m_2021_gridcode.tif.vat.dbf"
"sediment","high",16791933038.2694,"dominica_mar_benhab4m_2021_gridcode.tif.vat.dbf"
"sediment","low",2560077170.95145,"dominica_mar_benhab4m_2021_gridcode.tif.vat.dbf"
"sediment","mean",9603796999.50833,"dominica_mar_benhab4m_2021_gridcode.tif.vat.dbf"
"sediment","high",16789817756.3936,"dominica_mar_benhab4m_2021_gridcode.tif.vat.dbf"
"sediment","low",2559416535.72368,"dominica_mar_benhab4m_2021_gridcode.tif.vat.dbf"
"sediment","mean",9607628366.555,"dominica_mar_benhab4m_2021_gridcode.tif.vat.dbf"
"sediment","high",16792227780.3654,"dominica_mar_benhab4m_2021_gridcode.tif.vat.dbf"
"sediment","low",2561100505.05037,"dominica_mar_benhab4m_2021_gridcode.tif.vat.dbf"
"sediment","mean",9618639067.05028,"dominica_mar_benhab4m_2021_gridcode.tif.vat.dbf"
"sediment","high",16791448350.4512,"dominica_mar_benhab4m_2021_gridcode.tif.vat.dbf"
"sediment","low",2569386621.90072,"dominica_mar_benhab4m_2021_gridcode.tif.vat.dbf"
"sediment","mean",9611059559.44226,"dominica_mar_benhab4m_2021_gridcode.tif.vat.dbf"
"sediment","high",16801157810.6767,"dominica_mar_benhab4m_2021_gridcode.tif.vat.dbf"
"sediment","low",2564338951.43716,"dominica_mar_benhab4m_2021_gridcode.tif.vat.dbf"
"sediment","mean",9608545110.65723,"dominica_mar_benhab4m_2021_gridcode.tif.vat.dbf"
"sediment","high",16794656498.8886,"dominica_mar_benhab4m_2021_gridcode.tif.vat.dbf"
"sediment","low",2560502384.75196,"dominica_mar_benhab4m_2021_gridcode.tif.vat.dbf"
"sediment","mean",9600808359.72339,"dominica_mar_benhab4m_2021_gridcode.tif.vat.dbf"
"sediment","high",16793357494.9266,"dominica_mar_benhab4m_2021_gridcode.tif.vat.dbf"
"sediment","low",2559339679.21714,"dominica_mar_benhab4m_2021_gridcode.tif.vat.dbf"
"sediment","mean",9616902483.68866,"dominica_mar_benhab4m_2021_gridcode.tif.vat.dbf"
"sediment","high",16795559028.4108,"dominica_mar_benhab4m_2021_gridcode.tif.vat.dbf"
"sediment","low",40111447637.9086,"guadeloupe_mar_benhab4m_2021_gridcode.tif.vat.dbf"
"sediment","mean",150634426521.931,"guadeloupe_mar_benhab4m_2021_gridcode.tif.vat.dbf"
"sediment","high",263309453056.732,"guadeloupe_mar_benhab4m_2021_gridcode.tif.vat.dbf"
"sediment","low",40189468881.9566,"guadeloupe_mar_benhab4m_2021_gridcode.tif.vat.dbf"
"sediment","mean",150639388989.108,"guadeloupe_mar_benhab4m_2021_gridcode.tif.vat.dbf"
"sediment","high",263380829944.633,"guadeloupe_mar_benhab4m_2021_gridcode.tif.vat.dbf"
"sediment","low",40141729654.7994,"guadeloupe_mar_benhab4m_2021_gridcode.tif.vat.dbf"
"sediment","mean",150648150771.833,"guadeloupe_mar_benhab4m_2021_gridcode.tif.vat.dbf"
"sediment","high",263298880433.381,"guadeloupe_mar_benhab4m_2021_gridcode.tif.vat.dbf"
"sediment","low",40033865026.2338,"guadeloupe_mar_benhab4m_2021_gridcode.tif.vat.dbf"
"sediment","mean",150593985277.232,"guadeloupe_mar_benhab4m_2021_gridcode.tif.vat.dbf"
"sediment","high",263274999654.817,"guadeloupe_mar_benhab4m_2021_gridcode.tif.vat.dbf"
"sediment","low",40100386362.7605,"guadeloupe_mar_benhab4m_2021_gridcode.tif.vat.dbf"
"sediment","mean",150629058004.428,"guadeloupe_mar_benhab4m_2021_gridcode.tif.vat.dbf"
"sediment","high",263417888171.111,"guadeloupe_mar_benhab4m_2021_gridcode.tif.vat.dbf"
"sediment","low",40159132887.0061,"guadeloupe_mar_benhab4m_2021_gridcode.tif.vat.dbf"
"sediment","mean",150622224245.492,"guadeloupe_mar_benhab4m_2021_gridcode.tif.vat.dbf"
"sediment","high",263423680908.922,"guadeloupe_mar_benhab4m_2021_gridcode.tif.vat.dbf"
"sediment","low",40146908208.6924,"guadeloupe_mar_benhab4m_2021_gridcode.tif.vat.dbf"
"sediment","mean",150655385918.182,"guadeloupe_mar_benhab4m_2021_gridcode.tif.vat.dbf"
"sediment","high",263353065335.52,"guadeloupe_mar_benhab4m_2021_gridcode.tif.vat.dbf"
"sediment","low",40118551716.7955,"guadeloupe_mar_benhab4m_2021_gridcode.tif.vat.dbf"
"sediment","mean",150669714889.216,"guadeloupe_mar_benhab4m_2021_gridcode.tif.vat.dbf"
"sediment","high",263301756026.248,"guadeloupe_mar_benhab4m_2021_gridcode.tif.vat.dbf"
"sediment","low",40103945810.5472,"guadeloupe_mar_benhab4m_2021_gridcode.tif.vat.dbf"
"sediment","mean",150645358356.91,"guadeloupe_mar_benhab4m_2021_gridcode.tif.vat.dbf"
"sediment","high",263395809603.666,"guadeloupe_mar_benhab4m_2021_gridcode.tif.vat.dbf"
"sediment","low",40085818059.6262,"guadeloupe_mar_benhab4m_2021_gridcode.tif.vat.dbf"
"sediment","mean",150603565634.269,"guadeloupe_mar_benhab4m_2021_gridcode.tif.vat.dbf"
"sediment","high",263213835498.659,"guadeloupe_mar_benhab4m_2021_gridcode.tif.vat.dbf"
"sediment","low",77737196.0224726,"montserrat_mar_benhab4m_2021_gridcode.tif.vat.dbf"
"sediment","mean",291313512.808839,"montserrat_mar_benhab4m_2021_gridcode.tif.vat.dbf"
"sediment","high",508604751.514518,"montserrat_mar_benhab4m_2021_gridcode.tif.vat.dbf"
"sediment","low",77633816.9280749,"montserrat_mar_benhab4m_2021_gridcode.tif.vat.dbf"
"sediment","mean",291064655.773779,"montserrat_mar_benhab4m_2021_gridcode.tif.vat.dbf"
"sediment","high",508645629.967186,"montserrat_mar_benhab4m_2021_gridcode.tif.vat.dbf"
"sediment","low",77313773.0273426,"montserrat_mar_benhab4m_2021_gridcode.tif.vat.dbf"
"sediment","mean",290305310.437942,"montserrat_mar_benhab4m_2021_gridcode.tif.vat.dbf"
"sediment","high",508436747.263604,"montserrat_mar_benhab4m_2021_gridcode.tif.vat.dbf"
"sediment","low",77617012.8912674,"montserrat_mar_benhab4m_2021_gridcode.tif.vat.dbf"
"sediment","mean",290666062.218788,"montserrat_mar_benhab4m_2021_gridcode.tif.vat.dbf"
"sediment","high",507870461.480717,"montserrat_mar_benhab4m_2021_gridcode.tif.vat.dbf"
"sediment","low",77583378.972749,"montserrat_mar_benhab4m_2021_gridcode.tif.vat.dbf"
"sediment","mean",291130043.476296,"montserrat_mar_benhab4m_2021_gridcode.tif.vat.dbf"
"sediment","high",508709150.718206,"montserrat_mar_benhab4m_2021_gridcode.tif.vat.dbf"
"sediment","low",77588523.8376493,"montserrat_mar_benhab4m_2021_gridcode.tif.vat.dbf"
"sediment","mean",290369946.032567,"montserrat_mar_benhab4m_2021_gridcode.tif.vat.dbf"
"sediment","high",508526184.83693,"montserrat_mar_benhab4m_2021_gridcode.tif.vat.dbf"
"sediment","low",77681436.494111,"montserrat_mar_benhab4m_2021_gridcode.tif.vat.dbf"
"sediment","mean",291386354.516966,"montserrat_mar_benhab4m_2021_gridcode.tif.vat.dbf"
"sediment","high",508727298.316041,"montserrat_mar_benhab4m_2021_gridcode.tif.vat.dbf"
"sediment","low",77647814.4562471,"montserrat_mar_benhab4m_2021_gridcode.tif.vat.dbf"
"sediment","mean",290410856.464589,"montserrat_mar_benhab4m_2021_gridcode.tif.vat.dbf"
"sediment","high",508592901.791661,"montserrat_mar_benhab4m_2021_gridcode.tif.vat.dbf"
"sediment","low",77489849.8655038,"montserrat_mar_benhab4m_2021_gridcode.tif.vat.dbf"
"sediment","mean",290881025.94436,"montserrat_mar_benhab4m_2021_gridcode.tif.vat.dbf"
"sediment","high",508776891.976093,"montserrat_mar_benhab4m_2021_gridcode.tif.vat.dbf"
"sediment","low",77724068.3006872,"montserrat_mar_benhab4m_2021_gridcode.tif.vat.dbf"
"sediment","mean",290515558.946146,"montserrat_mar_benhab4m_2021_gridcode.tif.vat.dbf"
"sediment","high",508927764.498231,"montserrat_mar_benhab4m_2021_gridcode.tif.vat.dbf"
"sediment","low",3711011.06569307,"saba_mar_benhab4m_2021_gridcode.tif.vat.dbf"
"sediment","mean",14254558.6182866,"saba_mar_benhab4m_2021_gridcode.tif.vat.dbf"
"sediment","high",24578307.4549365,"saba_mar_benhab4m_2021_gridcode.tif.vat.dbf"
"sediment","low",3724396.17711931,"saba_mar_benhab4m_2021_gridcode.tif.vat.dbf"
"sediment","mean",13962707.6348222,"saba_mar_benhab4m_2021_gridcode.tif.vat.dbf"
"sediment","high",24562098.614058,"saba_mar_benhab4m_2021_gridcode.tif.vat.dbf"
"sediment","low",3794373.26850875,"saba_mar_benhab4m_2021_gridcode.tif.vat.dbf"
"sediment","mean",13984712.0253633,"saba_mar_benhab4m_2021_gridcode.tif.vat.dbf"
"sediment","high",24561468.7807945,"saba_mar_benhab4m_2021_gridcode.tif.vat.dbf"
"sediment","low",3776139.38100276,"saba_mar_benhab4m_2021_gridcode.tif.vat.dbf"
"sediment","mean",14177340.1283392,"saba_mar_benhab4m_2021_gridcode.tif.vat.dbf"
"sediment","high",24588200.7131661,"saba_mar_benhab4m_2021_gridcode.tif.vat.dbf"
"sediment","low",3802074.0378324,"saba_mar_benhab4m_2021_gridcode.tif.vat.dbf"
"sediment","mean",13894954.0885854,"saba_mar_benhab4m_2021_gridcode.tif.vat.dbf"
"sediment","high",24514284.0054991,"saba_mar_benhab4m_2021_gridcode.tif.vat.dbf"
"sediment","low",3720625.266152,"saba_mar_benhab4m_2021_gridcode.tif.vat.dbf"
"sediment","mean",13936995.617055,"saba_mar_benhab4m_2021_gridcode.tif.vat.dbf"
"sediment","high",24529618.1202262,"saba_mar_benhab4m_2021_gridcode.tif.vat.dbf"
"sediment","low",3726141.12485658,"saba_mar_benhab4m_2021_gridcode.tif.vat.dbf"
"sediment","mean",13824971.7939533,"saba_mar_benhab4m_2021_gridcode.tif.vat.dbf"
"sediment","high",24566378.1441258,"saba_mar_benhab4m_2021_gridcode.tif.vat.dbf"
"sediment","low",3782306.0274573,"saba_mar_benhab4m_2021_gridcode.tif.vat.dbf"
"sediment","mean",14195601.0016337,"saba_mar_benhab4m_2021_gridcode.tif.vat.dbf"
"sediment","high",24527319.6168286,"saba_mar_benhab4m_2021_gridcode.tif.vat.dbf"
"sediment","low",3712786.17284933,"saba_mar_benhab4m_2021_gridcode.tif.vat.dbf"
"sediment","mean",14328888.2915247,"saba_mar_benhab4m_2021_gridcode.tif.vat.dbf"
"sediment","high",24506850.9707063,"saba_mar_benhab4m_2021_gridcode.tif.vat.dbf"
"sediment","low",3700721.24804826,"saba_mar_benhab4m_2021_gridcode.tif.vat.dbf"
"sediment","mean",14029632.2554626,"saba_mar_benhab4m_2021_gridcode.tif.vat.dbf"
"sediment","high",24462678.1838705,"saba_mar_benhab4m_2021_gridcode.tif.vat.dbf"
"sediment","low",592315020.771789,"saintbarthelemy_mar_benhab4m_2021_gridcode.tif.vat.dbf"
"sediment","mean",2226796540.45134,"saintbarthelemy_mar_benhab4m_2021_gridcode.tif.vat.dbf"
"sediment","high",3889216384.53144,"saintbarthelemy_mar_benhab4m_2021_gridcode.tif.vat.dbf"
"sediment","low",594408093.081996,"saintbarthelemy_mar_benhab4m_2021_gridcode.tif.vat.dbf"
"sediment","mean",2226109318.24934,"saintbarthelemy_mar_benhab4m_2021_gridcode.tif.vat.dbf"
"sediment","high",3890924938.66901,"saintbarthelemy_mar_benhab4m_2021_gridcode.tif.vat.dbf"
"sediment","low",593343790.867582,"saintbarthelemy_mar_benhab4m_2021_gridcode.tif.vat.dbf"
"sediment","mean",2227173200.05964,"saintbarthelemy_mar_benhab4m_2021_gridcode.tif.vat.dbf"
"sediment","high",3891408995.12441,"saintbarthelemy_mar_benhab4m_2021_gridcode.tif.vat.dbf"
"sediment","low",593935313.516127,"saintbarthelemy_mar_benhab4m_2021_gridcode.tif.vat.dbf"
"sediment","mean",2223282954.29185,"saintbarthelemy_mar_benhab4m_2021_gridcode.tif.vat.dbf"
"sediment","high",3891865013.92702,"saintbarthelemy_mar_benhab4m_2021_gridcode.tif.vat.dbf"
"sediment","low",594409580.81349,"saintbarthelemy_mar_benhab4m_2021_gridcode.tif.vat.dbf"
"sediment","mean",2228232866.67676,"saintbarthelemy_mar_benhab4m_2021_gridcode.tif.vat.dbf"
"sediment","high",3891562840.65196,"saintbarthelemy_mar_benhab4m_2021_gridcode.tif.vat.dbf"
"sediment","low",594217589.92701,"saintbarthelemy_mar_benhab4m_2021_gridcode.tif.vat.dbf"
"sediment","mean",2225652674.1427,"saintbarthelemy_mar_benhab4m_2021_gridcode.tif.vat.dbf"
"sediment","high",3890639772.86151,"saintbarthelemy_mar_benhab4m_2021_gridcode.tif.vat.dbf"
"sediment","low",591921698.632594,"saintbarthelemy_mar_benhab4m_2021_gridcode.tif.vat.dbf"
"sediment","mean",2224438135.20673,"saintbarthelemy_mar_benhab4m_2021_gridcode.tif.vat.dbf"
"sediment","high",3890773706.09869,"saintbarthelemy_mar_benhab4m_2021_gridcode.tif.vat.dbf"
"sediment","low",592389638.964657,"saintbarthelemy_mar_benhab4m_2021_gridcode.tif.vat.dbf"
"sediment","mean",2228693881.49439,"saintbarthelemy_mar_benhab4m_2021_gridcode.tif.vat.dbf"
"sediment","high",3891745158.78845,"saintbarthelemy_mar_benhab4m_2021_gridcode.tif.vat.dbf"
"sediment","low",592982354.978845,"saintbarthelemy_mar_benhab4m_2021_gridcode.tif.vat.dbf"
"sediment","mean",2226801666.6611,"saintbarthelemy_mar_benhab4m_2021_gridcode.tif.vat.dbf"
"sediment","high",3892101531.03039,"saintbarthelemy_mar_benhab4m_2021_gridcode.tif.vat.dbf"
"sediment","low",593534131.246251,"saintbarthelemy_mar_benhab4m_2021_gridcode.tif.vat.dbf"
"sediment","mean",2223468934.89576,"saintbarthelemy_mar_benhab4m_2021_gridcode.tif.vat.dbf"
"sediment","high",3889987042.13655,"saintbarthelemy_mar_benhab4m_2021_gridcode.tif.vat.dbf"
"sediment","low",4443767857.55804,"saintmartin_mar_benhab4m_2021_gridcode.tif.vat.dbf"
"sediment","mean",16682744210.7807,"saintmartin_mar_benhab4m_2021_gridcode.tif.vat.dbf"
"sediment","high",29170568062.9909,"saintmartin_mar_benhab4m_2021_gridcode.tif.vat.dbf"
"sediment","low",4444209133.56093,"saintmartin_mar_benhab4m_2021_gridcode.tif.vat.dbf"
"sediment","mean",16688674761.7508,"saintmartin_mar_benhab4m_2021_gridcode.tif.vat.dbf"
"sediment","high",29171712732.3543,"saintmartin_mar_benhab4m_2021_gridcode.tif.vat.dbf"
"sediment","low",4453297980.63764,"saintmartin_mar_benhab4m_2021_gridcode.tif.vat.dbf"
"sediment","mean",16682147652.3252,"saintmartin_mar_benhab4m_2021_gridcode.tif.vat.dbf"
"sediment","high",29159663726.04,"saintmartin_mar_benhab4m_2021_gridcode.tif.vat.dbf"
"sediment","low",4445626267.90669,"saintmartin_mar_benhab4m_2021_gridcode.tif.vat.dbf"
"sediment","mean",16678311685.1516,"saintmartin_mar_benhab4m_2021_gridcode.tif.vat.dbf"
"sediment","high",29166995046.0361,"saintmartin_mar_benhab4m_2021_gridcode.tif.vat.dbf"
"sediment","low",4446272047.54484,"saintmartin_mar_benhab4m_2021_gridcode.tif.vat.dbf"
"sediment","mean",16679864409.7199,"saintmartin_mar_benhab4m_2021_gridcode.tif.vat.dbf"
"sediment","high",29173719571.8363,"saintmartin_mar_benhab4m_2021_gridcode.tif.vat.dbf"
"sediment","low",4452575940.24085,"saintmartin_mar_benhab4m_2021_gridcode.tif.vat.dbf"
"sediment","mean",16679353747.2267,"saintmartin_mar_benhab4m_2021_gridcode.tif.vat.dbf"
"sediment","high",29162016675.3051,"saintmartin_mar_benhab4m_2021_gridcode.tif.vat.dbf"
"sediment","low",4447938952.7154,"saintmartin_mar_benhab4m_2021_gridcode.tif.vat.dbf"
"sediment","mean",16679606842.0525,"saintmartin_mar_benhab4m_2021_gridcode.tif.vat.dbf"
"sediment","high",29166096868.4751,"saintmartin_mar_benhab4m_2021_gridcode.tif.vat.dbf"
"sediment","low",4446371046.39107,"saintmartin_mar_benhab4m_2021_gridcode.tif.vat.dbf"
"sediment","mean",16677796516.6913,"saintmartin_mar_benhab4m_2021_gridcode.tif.vat.dbf"
"sediment","high",29168294849.5843,"saintmartin_mar_benhab4m_2021_gridcode.tif.vat.dbf"
"sediment","low",4452242106.30179,"saintmartin_mar_benhab4m_2021_gridcode.tif.vat.dbf"
"sediment","mean",16682515805.424,"saintmartin_mar_benhab4m_2021_gridcode.tif.vat.dbf"
"sediment","high",29157754213.0396,"saintmartin_mar_benhab4m_2021_gridcode.tif.vat.dbf"
"sediment","low",4448874805.25706,"saintmartin_mar_benhab4m_2021_gridcode.tif.vat.dbf"
"sediment","mean",16679985642.4083,"saintmartin_mar_benhab4m_2021_gridcode.tif.vat.dbf"
"sediment","high",29174855216.5465,"saintmartin_mar_benhab4m_2021_gridcode.tif.vat.dbf"
"sediment","low",0,"sinteustatius_mar_benhab4m_2021_gridcode.tif.vat.dbf"
"sediment","mean",0,"sinteustatius_mar_benhab4m_2021_gridcode.tif.vat.dbf"
"sediment","high",0,"sinteustatius_mar_benhab4m_2021_gridcode.tif.vat.dbf"
"sediment","low",0,"sinteustatius_mar_benhab4m_2021_gridcode.tif.vat.dbf"
"sediment","mean",0,"sinteustatius_mar_benhab4m_2021_gridcode.tif.vat.dbf"
"sediment","high",0,"sinteustatius_mar_benhab4m_2021_gridcode.tif.vat.dbf"
"sediment","low",0,"sinteustatius_mar_benhab4m_2021_gridcode.tif.vat.dbf"
"sediment","mean",0,"sinteustatius_mar_benhab4m_2021_gridcode.tif.vat.dbf"
"sediment","high",0,"sinteustatius_mar_benhab4m_2021_gridcode.tif.vat.dbf"
"sediment","low",0,"sinteustatius_mar_benhab4m_2021_gridcode.tif.vat.dbf"
"sediment","mean",0,"sinteustatius_mar_benhab4m_2021_gridcode.tif.vat.dbf"
"sediment","high",0,"sinteustatius_mar_benhab4m_2021_gridcode.tif.vat.dbf"
"sediment","low",0,"sinteustatius_mar_benhab4m_2021_gridcode.tif.vat.dbf"
"sediment","mean",0,"sinteustatius_mar_benhab4m_2021_gridcode.tif.vat.dbf"
"sediment","high",0,"sinteustatius_mar_benhab4m_2021_gridcode.tif.vat.dbf"
"sediment","low",0,"sinteustatius_mar_benhab4m_2021_gridcode.tif.vat.dbf"
"sediment","mean",0,"sinteustatius_mar_benhab4m_2021_gridcode.tif.vat.dbf"
"sediment","high",0,"sinteustatius_mar_benhab4m_2021_gridcode.tif.vat.dbf"
"sediment","low",0,"sinteustatius_mar_benhab4m_2021_gridcode.tif.vat.dbf"
"sediment","mean",0,"sinteustatius_mar_benhab4m_2021_gridcode.tif.vat.dbf"
"sediment","high",0,"sinteustatius_mar_benhab4m_2021_gridcode.tif.vat.dbf"
"sediment","low",0,"sinteustatius_mar_benhab4m_2021_gridcode.tif.vat.dbf"
"sediment","mean",0,"sinteustatius_mar_benhab4m_2021_gridcode.tif.vat.dbf"
"sediment","high",0,"sinteustatius_mar_benhab4m_2021_gridcode.tif.vat.dbf"
"sediment","low",0,"sinteustatius_mar_benhab4m_2021_gridcode.tif.vat.dbf"
"sediment","mean",0,"sinteustatius_mar_benhab4m_2021_gridcode.tif.vat.dbf"
"sediment","high",0,"sinteustatius_mar_benhab4m_2021_gridcode.tif.vat.dbf"
"sediment","low",0,"sinteustatius_mar_benhab4m_2021_gridcode.tif.vat.dbf"
"sediment","mean",0,"sinteustatius_mar_benhab4m_2021_gridcode.tif.vat.dbf"
"sediment","high",0,"sinteustatius_mar_benhab4m_2021_gridcode.tif.vat.dbf"
"sediment","low",2884673886.11725,"sintmaarten_mar_benhab4m_2021_gridcode.tif.vat.dbf"
"sediment","mean",10819065012.5109,"sintmaarten_mar_benhab4m_2021_gridcode.tif.vat.dbf"
"sediment","high",18918112665.0275,"sintmaarten_mar_benhab4m_2021_gridcode.tif.vat.dbf"
"sediment","low",2882018864.96969,"sintmaarten_mar_benhab4m_2021_gridcode.tif.vat.dbf"
"sediment","mean",10819915749.8276,"sintmaarten_mar_benhab4m_2021_gridcode.tif.vat.dbf"
"sediment","high",18904627398.1537,"sintmaarten_mar_benhab4m_2021_gridcode.tif.vat.dbf"
"sediment","low",2886518104.3826,"sintmaarten_mar_benhab4m_2021_gridcode.tif.vat.dbf"
"sediment","mean",10822237603.9754,"sintmaarten_mar_benhab4m_2021_gridcode.tif.vat.dbf"
"sediment","high",18915291587.2204,"sintmaarten_mar_benhab4m_2021_gridcode.tif.vat.dbf"
"sediment","low",2880588018.34951,"sintmaarten_mar_benhab4m_2021_gridcode.tif.vat.dbf"
"sediment","mean",10819526835.6888,"sintmaarten_mar_benhab4m_2021_gridcode.tif.vat.dbf"
"sediment","high",18910119364.7044,"sintmaarten_mar_benhab4m_2021_gridcode.tif.vat.dbf"
"sediment","low",2878651223.68647,"sintmaarten_mar_benhab4m_2021_gridcode.tif.vat.dbf"
"sediment","mean",10819528627.7537,"sintmaarten_mar_benhab4m_2021_gridcode.tif.vat.dbf"
"sediment","high",18911424806.3573,"sintmaarten_mar_benhab4m_2021_gridcode.tif.vat.dbf"
"sediment","low",2888514988.12026,"sintmaarten_mar_benhab4m_2021_gridcode.tif.vat.dbf"
"sediment","mean",10823972928.0988,"sintmaarten_mar_benhab4m_2021_gridcode.tif.vat.dbf"
"sediment","high",18912604198.4149,"sintmaarten_mar_benhab4m_2021_gridcode.tif.vat.dbf"
"sediment","low",2884811508.13989,"sintmaarten_mar_benhab4m_2021_gridcode.tif.vat.dbf"
"sediment","mean",10818651047.7544,"sintmaarten_mar_benhab4m_2021_gridcode.tif.vat.dbf"
"sediment","high",18910299617.3411,"sintmaarten_mar_benhab4m_2021_gridcode.tif.vat.dbf"
"sediment","low",2881506480.38261,"sintmaarten_mar_benhab4m_2021_gridcode.tif.vat.dbf"
"sediment","mean",10814573666.953,"sintmaarten_mar_benhab4m_2021_gridcode.tif.vat.dbf"
"sediment","high",18908687930.6576,"sintmaarten_mar_benhab4m_2021_gridcode.tif.vat.dbf"
"sediment","low",2883065939.61069,"sintmaarten_mar_benhab4m_2021_gridcode.tif.vat.dbf"
"sediment","mean",10817907365.1428,"sintmaarten_mar_benhab4m_2021_gridcode.tif.vat.dbf"
"sediment","high",18910327953.41,"sintmaarten_mar_benhab4m_2021_gridcode.tif.vat.dbf"
"sediment","low",2880472678.89337,"sintmaarten_mar_benhab4m_2021_gridcode.tif.vat.dbf"
"sediment","mean",10818632687.2648,"sintmaarten_mar_benhab4m_2021_gridcode.tif.vat.dbf"
"sediment","high",18908727595.4945,"sintmaarten_mar_benhab4m_2021_gridcode.tif.vat.dbf"
"sediment","low",7648820283.60168,"skn_mar_benhab4m_2021_gridcode.tif.vat.dbf"
"sediment","mean",28697640451.479,"skn_mar_benhab4m_2021_gridcode.tif.vat.dbf"
"sediment","high",50176254325.7611,"skn_mar_benhab4m_2021_gridcode.tif.vat.dbf"
"sediment","low",7663010560.4158,"skn_mar_benhab4m_2021_gridcode.tif.vat.dbf"
"sediment","mean",28693004656.6549,"skn_mar_benhab4m_2021_gridcode.tif.vat.dbf"
"sediment","high",50183749960.7022,"skn_mar_benhab4m_2021_gridcode.tif.vat.dbf"
"sediment","low",7655161941.36969,"skn_mar_benhab4m_2021_gridcode.tif.vat.dbf"
"sediment","mean",28702903573.984,"skn_mar_benhab4m_2021_gridcode.tif.vat.dbf"
"sediment","high",50186001222.6006,"skn_mar_benhab4m_2021_gridcode.tif.vat.dbf"
"sediment","low",7641296094.92186,"skn_mar_benhab4m_2021_gridcode.tif.vat.dbf"
"sediment","mean",28706925844.4713,"skn_mar_benhab4m_2021_gridcode.tif.vat.dbf"
"sediment","high",50167775377.4576,"skn_mar_benhab4m_2021_gridcode.tif.vat.dbf"
"sediment","low",7647014857.3371,"skn_mar_benhab4m_2021_gridcode.tif.vat.dbf"
"sediment","mean",28709894526.8402,"skn_mar_benhab4m_2021_gridcode.tif.vat.dbf"
"sediment","high",50181030646.8334,"skn_mar_benhab4m_2021_gridcode.tif.vat.dbf"
"sediment","low",7650036647.24351,"skn_mar_benhab4m_2021_gridcode.tif.vat.dbf"
"sediment","mean",28699481256.4761,"skn_mar_benhab4m_2021_gridcode.tif.vat.dbf"
"sediment","high",50180001663.8806,"skn_mar_benhab4m_2021_gridcode.tif.vat.dbf"
"sediment","low",7654354894.89214,"skn_mar_benhab4m_2021_gridcode.tif.vat.dbf"
"sediment","mean",28705349966.5856,"skn_mar_benhab4m_2021_gridcode.tif.vat.dbf"
"sediment","high",50189222408.8126,"skn_mar_benhab4m_2021_gridcode.tif.vat.dbf"
"sediment","low",7650007723.31148,"skn_mar_benhab4m_2021_gridcode.tif.vat.dbf"
"sediment","mean",28686319665.9317,"skn_mar_benhab4m_2021_gridcode.tif.vat.dbf"
"sediment","high",50183006854.2104,"skn_mar_benhab4m_2021_gridcode.tif.vat.dbf"
"sediment","low",7663563170.30426,"skn_mar_benhab4m_2021_gridcode.tif.vat.dbf"
"sediment","mean",28702704850.1299,"skn_mar_benhab4m_2021_gridcode.tif.vat.dbf"
"sediment","high",50175327577.8026,"skn_mar_benhab4m_2021_gridcode.tif.vat.dbf"
"sediment","low",7656021842.19143,"skn_mar_benhab4m_2021_gridcode.tif.vat.dbf"
"sediment","mean",28702216905.9572,"skn_mar_benhab4m_2021_gridcode.tif.vat.dbf"
"sediment","high",50178562549.0468,"skn_mar_benhab4m_2021_gridcode.tif.vat.dbf"
"sediment","low",22551847.23912,"barbados_mar_benhab4m_2021_gridcode.tif.vat.dbf"
"sediment","mean",84482030.6526844,"barbados_mar_benhab4m_2021_gridcode.tif.vat.dbf"
"sediment","high",147975962.907011,"barbados_mar_benhab4m_2021_gridcode.tif.vat.dbf"
"sediment","low",22604820.6686392,"barbados_mar_benhab4m_2021_gridcode.tif.vat.dbf"
"sediment","mean",84692903.8221853,"barbados_mar_benhab4m_2021_gridcode.tif.vat.dbf"
"sediment","high",148074979.66256,"barbados_mar_benhab4m_2021_gridcode.tif.vat.dbf"
"sediment","low",22670392.5118688,"barbados_mar_benhab4m_2021_gridcode.tif.vat.dbf"
"sediment","mean",84716744.0348074,"barbados_mar_benhab4m_2021_gridcode.tif.vat.dbf"
"sediment","high",147992149.944034,"barbados_mar_benhab4m_2021_gridcode.tif.vat.dbf"
"sediment","low",22684616.1595602,"barbados_mar_benhab4m_2021_gridcode.tif.vat.dbf"
"sediment","mean",85051981.9306723,"barbados_mar_benhab4m_2021_gridcode.tif.vat.dbf"
"sediment","high",148305114.631489,"barbados_mar_benhab4m_2021_gridcode.tif.vat.dbf"
"sediment","low",22968017.0830461,"barbados_mar_benhab4m_2021_gridcode.tif.vat.dbf"
"sediment","mean",85009734.1557263,"barbados_mar_benhab4m_2021_gridcode.tif.vat.dbf"
"sediment","high",148028249.570039,"barbados_mar_benhab4m_2021_gridcode.tif.vat.dbf"
"sediment","low",22607841.5768317,"barbados_mar_benhab4m_2021_gridcode.tif.vat.dbf"
"sediment","mean",84744817.2039327,"barbados_mar_benhab4m_2021_gridcode.tif.vat.dbf"
"sediment","high",147974782.495436,"barbados_mar_benhab4m_2021_gridcode.tif.vat.dbf"
"sediment","low",22588546.9986782,"barbados_mar_benhab4m_2021_gridcode.tif.vat.dbf"
"sediment","mean",84893229.0198573,"barbados_mar_benhab4m_2021_gridcode.tif.vat.dbf"
"sediment","high",147718690.645072,"barbados_mar_benhab4m_2021_gridcode.tif.vat.dbf"
"sediment","low",22687680.3587192,"barbados_mar_benhab4m_2021_gridcode.tif.vat.dbf"
"sediment","mean",84378511.0136532,"barbados_mar_benhab4m_2021_gridcode.tif.vat.dbf"
"sediment","high",148070659.556631,"barbados_mar_benhab4m_2021_gridcode.tif.vat.dbf"
"sediment","low",22616873.3324969,"barbados_mar_benhab4m_2021_gridcode.tif.vat.dbf"
"sediment","mean",84900073.4506782,"barbados_mar_benhab4m_2021_gridcode.tif.vat.dbf"
"sediment","high",148083808.700335,"barbados_mar_benhab4m_2021_gridcode.tif.vat.dbf"
"sediment","low",22567023.160737,"barbados_mar_benhab4m_2021_gridcode.tif.vat.dbf"
"sediment","mean",84738071.0569603,"barbados_mar_benhab4m_2021_gridcode.tif.vat.dbf"
"sediment","high",148197834.622028,"barbados_mar_benhab4m_2021_gridcode.tif.vat.dbf"
"sediment","low",8332864465.67102,"grenada_mar_benhab4m_2021_gridcode.tif.vat.dbf"
"sediment","mean",31285199295.6861,"grenada_mar_benhab4m_2021_gridcode.tif.vat.dbf"
"sediment","high",54711011524.7555,"grenada_mar_benhab4m_2021_gridcode.tif.vat.dbf"
"sediment","low",8341682603.85722,"grenada_mar_benhab4m_2021_gridcode.tif.vat.dbf"
"sediment","mean",31307397967.6886,"grenada_mar_benhab4m_2021_gridcode.tif.vat.dbf"
"sediment","high",54705354309.2937,"grenada_mar_benhab4m_2021_gridcode.tif.vat.dbf"
"sediment","low",8349727536.41839,"grenada_mar_benhab4m_2021_gridcode.tif.vat.dbf"
"sediment","mean",31290960197.7873,"grenada_mar_benhab4m_2021_gridcode.tif.vat.dbf"
"sediment","high",54705270786.0477,"grenada_mar_benhab4m_2021_gridcode.tif.vat.dbf"
"sediment","low",8333065470.71283,"grenada_mar_benhab4m_2021_gridcode.tif.vat.dbf"
"sediment","mean",31297019995.6692,"grenada_mar_benhab4m_2021_gridcode.tif.vat.dbf"
"sediment","high",54712597616.735,"grenada_mar_benhab4m_2021_gridcode.tif.vat.dbf"
"sediment","low",8329791125.29202,"grenada_mar_benhab4m_2021_gridcode.tif.vat.dbf"
"sediment","mean",31298669868.7041,"grenada_mar_benhab4m_2021_gridcode.tif.vat.dbf"
"sediment","high",54695850191.3129,"grenada_mar_benhab4m_2021_gridcode.tif.vat.dbf"
"sediment","low",8348195017.25174,"grenada_mar_benhab4m_2021_gridcode.tif.vat.dbf"
"sediment","mean",31302213963.5605,"grenada_mar_benhab4m_2021_gridcode.tif.vat.dbf"
"sediment","high",54697002461.4934,"grenada_mar_benhab4m_2021_gridcode.tif.vat.dbf"
"sediment","low",8342073980.35574,"grenada_mar_benhab4m_2021_gridcode.tif.vat.dbf"
"sediment","mean",31289837321.5835,"grenada_mar_benhab4m_2021_gridcode.tif.vat.dbf"
"sediment","high",54705860109.913,"grenada_mar_benhab4m_2021_gridcode.tif.vat.dbf"
"sediment","low",8336231565.37841,"grenada_mar_benhab4m_2021_gridcode.tif.vat.dbf"
"sediment","mean",31286186244.2189,"grenada_mar_benhab4m_2021_gridcode.tif.vat.dbf"
"sediment","high",54701937115.5192,"grenada_mar_benhab4m_2021_gridcode.tif.vat.dbf"
"sediment","low",8351881800.99805,"grenada_mar_benhab4m_2021_gridcode.tif.vat.dbf"
"sediment","mean",31289334832.0277,"grenada_mar_benhab4m_2021_gridcode.tif.vat.dbf"
"sediment","high",54706410208.4373,"grenada_mar_benhab4m_2021_gridcode.tif.vat.dbf"
"sediment","low",8329451000.73676,"grenada_mar_benhab4m_2021_gridcode.tif.vat.dbf"
"sediment","mean",31289723202.5734,"grenada_mar_benhab4m_2021_gridcode.tif.vat.dbf"
"sediment","high",54700377279.8725,"grenada_mar_benhab4m_2021_gridcode.tif.vat.dbf"
"sediment","low",18213971723.4888,"martinique_mar_benhab4m_2021_gridcode.tif.vat.dbf"
"sediment","mean",68313429895.2113,"martinique_mar_benhab4m_2021_gridcode.tif.vat.dbf"
"sediment","high",119453136549.533,"martinique_mar_benhab4m_2021_gridcode.tif.vat.dbf"
"sediment","low",18205509903.6116,"martinique_mar_benhab4m_2021_gridcode.tif.vat.dbf"
"sediment","mean",68314618224.8169,"martinique_mar_benhab4m_2021_gridcode.tif.vat.dbf"
"sediment","high",119466671190.546,"martinique_mar_benhab4m_2021_gridcode.tif.vat.dbf"
"sediment","low",18237099419.2584,"martinique_mar_benhab4m_2021_gridcode.tif.vat.dbf"
"sediment","mean",68316963769.759,"martinique_mar_benhab4m_2021_gridcode.tif.vat.dbf"
"sediment","high",119436267984.443,"martinique_mar_benhab4m_2021_gridcode.tif.vat.dbf"
"sediment","low",18201796714.0505,"martinique_mar_benhab4m_2021_gridcode.tif.vat.dbf"
"sediment","mean",68319389191.9305,"martinique_mar_benhab4m_2021_gridcode.tif.vat.dbf"
"sediment","high",119465443003.35,"martinique_mar_benhab4m_2021_gridcode.tif.vat.dbf"
"sediment","low",18180169971.8265,"martinique_mar_benhab4m_2021_gridcode.tif.vat.dbf"
"sediment","mean",68334214110.1269,"martinique_mar_benhab4m_2021_gridcode.tif.vat.dbf"
"sediment","high",119427688403.839,"martinique_mar_benhab4m_2021_gridcode.tif.vat.dbf"
"sediment","low",18195789619.4939,"martinique_mar_benhab4m_2021_gridcode.tif.vat.dbf"
"sediment","mean",68331422599.0152,"martinique_mar_benhab4m_2021_gridcode.tif.vat.dbf"
"sediment","high",119420727911.621,"martinique_mar_benhab4m_2021_gridcode.tif.vat.dbf"
"sediment","low",18226563480.2389,"martinique_mar_benhab4m_2021_gridcode.tif.vat.dbf"
"sediment","mean",68312203374.7142,"martinique_mar_benhab4m_2021_gridcode.tif.vat.dbf"
"sediment","high",119456903506.992,"martinique_mar_benhab4m_2021_gridcode.tif.vat.dbf"
"sediment","low",18231271682.2144,"martinique_mar_benhab4m_2021_gridcode.tif.vat.dbf"
"sediment","mean",68312719146.4871,"martinique_mar_benhab4m_2021_gridcode.tif.vat.dbf"
"sediment","high",119454733710.652,"martinique_mar_benhab4m_2021_gridcode.tif.vat.dbf"
"sediment","low",18254777762.397,"martinique_mar_benhab4m_2021_gridcode.tif.vat.dbf"
"sediment","mean",68324539416.7884,"martinique_mar_benhab4m_2021_gridcode.tif.vat.dbf"
"sediment","high",119476040496.22,"martinique_mar_benhab4m_2021_gridcode.tif.vat.dbf"
"sediment","low",18220972845.9988,"martinique_mar_benhab4m_2021_gridcode.tif.vat.dbf"
"sediment","mean",68315870429.6038,"martinique_mar_benhab4m_2021_gridcode.tif.vat.dbf"
"sediment","high",119465453173.433,"martinique_mar_benhab4m_2021_gridcode.tif.vat.dbf"
"sediment","low",3431634341.57695,"saintlucia_mar_benhab4m_2021_gridcode.tif.vat.dbf"
"sediment","mean",12856104979.4115,"saintlucia_mar_benhab4m_2021_gridcode.tif.vat.dbf"
"sediment","high",22470114842.66,"saintlucia_mar_benhab4m_2021_gridcode.tif.vat.dbf"
"sediment","low",3427143559.88333,"saintlucia_mar_benhab4m_2021_gridcode.tif.vat.dbf"
"sediment","mean",12854599979.6964,"saintlucia_mar_benhab4m_2021_gridcode.tif.vat.dbf"
"sediment","high",22473633730.4194,"saintlucia_mar_benhab4m_2021_gridcode.tif.vat.dbf"
"sediment","low",3425078826.59413,"saintlucia_mar_benhab4m_2021_gridcode.tif.vat.dbf"
"sediment","mean",12853248031.1343,"saintlucia_mar_benhab4m_2021_gridcode.tif.vat.dbf"
"sediment","high",22478875038.5711,"saintlucia_mar_benhab4m_2021_gridcode.tif.vat.dbf"
"sediment","low",3428755437.88768,"saintlucia_mar_benhab4m_2021_gridcode.tif.vat.dbf"
"sediment","mean",12854049012.9344,"saintlucia_mar_benhab4m_2021_gridcode.tif.vat.dbf"
"sediment","high",22468888554.8685,"saintlucia_mar_benhab4m_2021_gridcode.tif.vat.dbf"
"sediment","low",3420530180.26706,"saintlucia_mar_benhab4m_2021_gridcode.tif.vat.dbf"
"sediment","mean",12846771643.8161,"saintlucia_mar_benhab4m_2021_gridcode.tif.vat.dbf"
"sediment","high",22467559404.2878,"saintlucia_mar_benhab4m_2021_gridcode.tif.vat.dbf"
"sediment","low",3425973953.44557,"saintlucia_mar_benhab4m_2021_gridcode.tif.vat.dbf"
"sediment","mean",12855562168.6918,"saintlucia_mar_benhab4m_2021_gridcode.tif.vat.dbf"
"sediment","high",22473774642.7574,"saintlucia_mar_benhab4m_2021_gridcode.tif.vat.dbf"
"sediment","low",3425988987.30515,"saintlucia_mar_benhab4m_2021_gridcode.tif.vat.dbf"
"sediment","mean",12850575897.9672,"saintlucia_mar_benhab4m_2021_gridcode.tif.vat.dbf"
"sediment","high",22475430317.2019,"saintlucia_mar_benhab4m_2021_gridcode.tif.vat.dbf"
"sediment","low",3427805868.78892,"saintlucia_mar_benhab4m_2021_gridcode.tif.vat.dbf"
"sediment","mean",12859408695.1974,"saintlucia_mar_benhab4m_2021_gridcode.tif.vat.dbf"
"sediment","high",22477196387.4263,"saintlucia_mar_benhab4m_2021_gridcode.tif.vat.dbf"
"sediment","low",3431757081.6128,"saintlucia_mar_benhab4m_2021_gridcode.tif.vat.dbf"
"sediment","mean",12857157029.6504,"saintlucia_mar_benhab4m_2021_gridcode.tif.vat.dbf"
"sediment","high",22472834263.3149,"saintlucia_mar_benhab4m_2021_gridcode.tif.vat.dbf"
"sediment","low",3423500019.63638,"saintlucia_mar_benhab4m_2021_gridcode.tif.vat.dbf"
"sediment","mean",12854193376.4042,"saintlucia_mar_benhab4m_2021_gridcode.tif.vat.dbf"
"sediment","high",22470588255.4757,"saintlucia_mar_benhab4m_2021_gridcode.tif.vat.dbf"
"sediment","low",6624934063.72332,"svg_mar_benhab4m_2021_gridcode.tif.vat.dbf"
"sediment","mean",24860660929.8822,"svg_mar_benhab4m_2021_gridcode.tif.vat.dbf"
"sediment","high",43452586947.9081,"svg_mar_benhab4m_2021_gridcode.tif.vat.dbf"
"sediment","low",6626518154.03563,"svg_mar_benhab4m_2021_gridcode.tif.vat.dbf"
"sediment","mean",24858249856.5807,"svg_mar_benhab4m_2021_gridcode.tif.vat.dbf"
"sediment","high",43462449649.9527,"svg_mar_benhab4m_2021_gridcode.tif.vat.dbf"
"sediment","low",6620504963.55005,"svg_mar_benhab4m_2021_gridcode.tif.vat.dbf"
"sediment","mean",24862296077.1444,"svg_mar_benhab4m_2021_gridcode.tif.vat.dbf"
"sediment","high",43460715799.8747,"svg_mar_benhab4m_2021_gridcode.tif.vat.dbf"
"sediment","low",6619725078.06656,"svg_mar_benhab4m_2021_gridcode.tif.vat.dbf"
"sediment","mean",24848637683.4571,"svg_mar_benhab4m_2021_gridcode.tif.vat.dbf"
"sediment","high",43441539934.1533,"svg_mar_benhab4m_2021_gridcode.tif.vat.dbf"
"sediment","low",6624385724.49473,"svg_mar_benhab4m_2021_gridcode.tif.vat.dbf"
"sediment","mean",24854128895.0821,"svg_mar_benhab4m_2021_gridcode.tif.vat.dbf"
"sediment","high",43460284721.1913,"svg_mar_benhab4m_2021_gridcode.tif.vat.dbf"
"sediment","low",6633757125.16782,"svg_mar_benhab4m_2021_gridcode.tif.vat.dbf"
"sediment","mean",24843701375.9173,"svg_mar_benhab4m_2021_gridcode.tif.vat.dbf"
"sediment","high",43462199866.3814,"svg_mar_benhab4m_2021_gridcode.tif.vat.dbf"
"sediment","low",6628007590.36304,"svg_mar_benhab4m_2021_gridcode.tif.vat.dbf"
"sediment","mean",24860692663.4097,"svg_mar_benhab4m_2021_gridcode.tif.vat.dbf"
"sediment","high",43446496215.2521,"svg_mar_benhab4m_2021_gridcode.tif.vat.dbf"
"sediment","low",6615042484.41531,"svg_mar_benhab4m_2021_gridcode.tif.vat.dbf"
"sediment","mean",24875320088.5127,"svg_mar_benhab4m_2021_gridcode.tif.vat.dbf"
"sediment","high",43459571561.909,"svg_mar_benhab4m_2021_gridcode.tif.vat.dbf"
"sediment","low",6633886594.53081,"svg_mar_benhab4m_2021_gridcode.tif.vat.dbf"
"sediment","mean",24861419791.5399,"svg_mar_benhab4m_2021_gridcode.tif.vat.dbf"
"sediment","high",43452623612.1778,"svg_mar_benhab4m_2021_gridcode.tif.vat.dbf"
"sediment","low",6642663704.4919,"svg_mar_benhab4m_2021_gridcode.tif.vat.dbf"
"sediment","mean",24856858198.2828,"svg_mar_benhab4m_2021_gridcode.tif.vat.dbf"
"sediment","high",43448024620.2313,"svg_mar_benhab4m_2021_gridcode.tif.vat.dbf"
"sediment","low",0,"trinidadtobago_mar_benhab4m_2021_gridcode.tif.vat.dbf"
"sediment","mean",0,"trinidadtobago_mar_benhab4m_2021_gridcode.tif.vat.dbf"
"sediment","high",0,"trinidadtobago_mar_benhab4m_2021_gridcode.tif.vat.dbf"
"sediment","low",0,"trinidadtobago_mar_benhab4m_2021_gridcode.tif.vat.dbf"
"sediment","mean",0,"trinidadtobago_mar_benhab4m_2021_gridcode.tif.vat.dbf"
"sediment","high",0,"trinidadtobago_mar_benhab4m_2021_gridcode.tif.vat.dbf"
"sediment","low",0,"trinidadtobago_mar_benhab4m_2021_gridcode.tif.vat.dbf"
"sediment","mean",0,"trinidadtobago_mar_benhab4m_2021_gridcode.tif.vat.dbf"
"sediment","high",0,"trinidadtobago_mar_benhab4m_2021_gridcode.tif.vat.dbf"
"sediment","low",0,"trinidadtobago_mar_benhab4m_2021_gridcode.tif.vat.dbf"
"sediment","mean",0,"trinidadtobago_mar_benhab4m_2021_gridcode.tif.vat.dbf"
"sediment","high",0,"trinidadtobago_mar_benhab4m_2021_gridcode.tif.vat.dbf"
"sediment","low",0,"trinidadtobago_mar_benhab4m_2021_gridcode.tif.vat.dbf"
"sediment","mean",0,"trinidadtobago_mar_benhab4m_2021_gridcode.tif.vat.dbf"
"sediment","high",0,"trinidadtobago_mar_benhab4m_2021_gridcode.tif.vat.dbf"
"sediment","low",0,"trinidadtobago_mar_benhab4m_2021_gridcode.tif.vat.dbf"
"sediment","mean",0,"trinidadtobago_mar_benhab4m_2021_gridcode.tif.vat.dbf"
"sediment","high",0,"trinidadtobago_mar_benhab4m_2021_gridcode.tif.vat.dbf"
"sediment","low",0,"trinidadtobago_mar_benhab4m_2021_gridcode.tif.vat.dbf"
"sediment","mean",0,"trinidadtobago_mar_benhab4m_2021_gridcode.tif.vat.dbf"
"sediment","high",0,"trinidadtobago_mar_benhab4m_2021_gridcode.tif.vat.dbf"
"sediment","low",0,"trinidadtobago_mar_benhab4m_2021_gridcode.tif.vat.dbf"
"sediment","mean",0,"trinidadtobago_mar_benhab4m_2021_gridcode.tif.vat.dbf"
"sediment","high",0,"trinidadtobago_mar_benhab4m_2021_gridcode.tif.vat.dbf"
"sediment","low",0,"trinidadtobago_mar_benhab4m_2021_gridcode.tif.vat.dbf"
"sediment","mean",0,"trinidadtobago_mar_benhab4m_2021_gridcode.tif.vat.dbf"
"sediment","high",0,"trinidadtobago_mar_benhab4m_2021_gridcode.tif.vat.dbf"
"sediment","low",0,"trinidadtobago_mar_benhab4m_2021_gridcode.tif.vat.dbf"
"sediment","mean",0,"trinidadtobago_mar_benhab4m_2021_gridcode.tif.vat.dbf"
"sediment","high",0,"trinidadtobago_mar_benhab4m_2021_gridcode.tif.vat.dbf"
"sediment","low",202919706085.187,"hti_mar_benhab4m_2021_REPAIRED_gridcode.tif.vat.dbf"
"sediment","mean",759932133227.904,"hti_mar_benhab4m_2021_REPAIRED_gridcode.tif.vat.dbf"
"sediment","high",1328465917475.56,"hti_mar_benhab4m_2021_REPAIRED_gridcode.tif.vat.dbf"
"sediment","low",202818479394.28,"hti_mar_benhab4m_2021_REPAIRED_gridcode.tif.vat.dbf"
"sediment","mean",759824712589.891,"hti_mar_benhab4m_2021_REPAIRED_gridcode.tif.vat.dbf"
"sediment","high",1328694975597.61,"hti_mar_benhab4m_2021_REPAIRED_gridcode.tif.vat.dbf"
"sediment","low",202714434350.279,"hti_mar_benhab4m_2021_REPAIRED_gridcode.tif.vat.dbf"
"sediment","mean",760007268978.439,"hti_mar_benhab4m_2021_REPAIRED_gridcode.tif.vat.dbf"
"sediment","high",1328212877944.87,"hti_mar_benhab4m_2021_REPAIRED_gridcode.tif.vat.dbf"
"sediment","low",202572085545.135,"hti_mar_benhab4m_2021_REPAIRED_gridcode.tif.vat.dbf"
"sediment","mean",759961638273.164,"hti_mar_benhab4m_2021_REPAIRED_gridcode.tif.vat.dbf"
"sediment","high",1328392824445.24,"hti_mar_benhab4m_2021_REPAIRED_gridcode.tif.vat.dbf"
"sediment","low",202868834875.942,"hti_mar_benhab4m_2021_REPAIRED_gridcode.tif.vat.dbf"
"sediment","mean",759843389255.819,"hti_mar_benhab4m_2021_REPAIRED_gridcode.tif.vat.dbf"
"sediment","high",1328714511671.48,"hti_mar_benhab4m_2021_REPAIRED_gridcode.tif.vat.dbf"
"sediment","low",202892537096.825,"hti_mar_benhab4m_2021_REPAIRED_gridcode.tif.vat.dbf"
"sediment","mean",759882970791.038,"hti_mar_benhab4m_2021_REPAIRED_gridcode.tif.vat.dbf"
"sediment","high",1328341650658.7,"hti_mar_benhab4m_2021_REPAIRED_gridcode.tif.vat.dbf"
"sediment","low",202885007470.061,"hti_mar_benhab4m_2021_REPAIRED_gridcode.tif.vat.dbf"
"sediment","mean",759931960625.754,"hti_mar_benhab4m_2021_REPAIRED_gridcode.tif.vat.dbf"
"sediment","high",1328682295828.84,"hti_mar_benhab4m_2021_REPAIRED_gridcode.tif.vat.dbf"
"sediment","low",202786060689.718,"hti_mar_benhab4m_2021_REPAIRED_gridcode.tif.vat.dbf"
"sediment","mean",759869146541.988,"hti_mar_benhab4m_2021_REPAIRED_gridcode.tif.vat.dbf"
"sediment","high",1328466741415.61,"hti_mar_benhab4m_2021_REPAIRED_gridcode.tif.vat.dbf"
"sediment","low",202730101547.575,"hti_mar_benhab4m_2021_REPAIRED_gridcode.tif.vat.dbf"
"sediment","mean",759980228463.232,"hti_mar_benhab4m_2021_REPAIRED_gridcode.tif.vat.dbf"
"sediment","high",1328724934334.19,"hti_mar_benhab4m_2021_REPAIRED_gridcode.tif.vat.dbf"
"sediment","low",202344924570.53,"hti_mar_benhab4m_2021_REPAIRED_gridcode.tif.vat.dbf"
"sediment","mean",759790291363.274,"hti_mar_benhab4m_2021_REPAIRED_gridcode.tif.vat.dbf"
"sediment","high",1328463589479.58,"hti_mar_benhab4m_2021_REPAIRED_gridcode.tif.vat.dbf"
"sediment","low",106926462402.633,"jam_mar_benhab4m_2021_removeColombia_gridcode.tif.vat.dbf"
"sediment","mean",401601737986.873,"jam_mar_benhab4m_2021_removeColombia_gridcode.tif.vat.dbf"
"sediment","high",702079670006.145,"jam_mar_benhab4m_2021_removeColombia_gridcode.tif.vat.dbf"
"sediment","low",107418056136.199,"jam_mar_benhab4m_2021_removeColombia_gridcode.tif.vat.dbf"
"sediment","mean",401648839386.997,"jam_mar_benhab4m_2021_removeColombia_gridcode.tif.vat.dbf"
"sediment","high",702163465759.842,"jam_mar_benhab4m_2021_removeColombia_gridcode.tif.vat.dbf"
"sediment","low",107184940092.292,"jam_mar_benhab4m_2021_removeColombia_gridcode.tif.vat.dbf"
"sediment","mean",401689319210.204,"jam_mar_benhab4m_2021_removeColombia_gridcode.tif.vat.dbf"
"sediment","high",701963802419.232,"jam_mar_benhab4m_2021_removeColombia_gridcode.tif.vat.dbf"
"sediment","low",107201949222.032,"jam_mar_benhab4m_2021_removeColombia_gridcode.tif.vat.dbf"
"sediment","mean",401650448390.149,"jam_mar_benhab4m_2021_removeColombia_gridcode.tif.vat.dbf"
"sediment","high",702268761352.392,"jam_mar_benhab4m_2021_removeColombia_gridcode.tif.vat.dbf"
"sediment","low",107061051957.475,"jam_mar_benhab4m_2021_removeColombia_gridcode.tif.vat.dbf"
"sediment","mean",401642548271.428,"jam_mar_benhab4m_2021_removeColombia_gridcode.tif.vat.dbf"
"sediment","high",702036882859.993,"jam_mar_benhab4m_2021_removeColombia_gridcode.tif.vat.dbf"
"sediment","low",107028057436.69,"jam_mar_benhab4m_2021_removeColombia_gridcode.tif.vat.dbf"
"sediment","mean",401647822024.94,"jam_mar_benhab4m_2021_removeColombia_gridcode.tif.vat.dbf"
"sediment","high",702084728236.183,"jam_mar_benhab4m_2021_removeColombia_gridcode.tif.vat.dbf"
"sediment","low",106962271392.478,"jam_mar_benhab4m_2021_removeColombia_gridcode.tif.vat.dbf"
"sediment","mean",401693244070.752,"jam_mar_benhab4m_2021_removeColombia_gridcode.tif.vat.dbf"
"sediment","high",702246025890.735,"jam_mar_benhab4m_2021_removeColombia_gridcode.tif.vat.dbf"
"sediment","low",107043124212.109,"jam_mar_benhab4m_2021_removeColombia_gridcode.tif.vat.dbf"
"sediment","mean",401656934157.117,"jam_mar_benhab4m_2021_removeColombia_gridcode.tif.vat.dbf"
"sediment","high",702181718418.414,"jam_mar_benhab4m_2021_removeColombia_gridcode.tif.vat.dbf"
"sediment","low",107125867200.359,"jam_mar_benhab4m_2021_removeColombia_gridcode.tif.vat.dbf"
"sediment","mean",401591724931.147,"jam_mar_benhab4m_2021_removeColombia_gridcode.tif.vat.dbf"
"sediment","high",701978415827.698,"jam_mar_benhab4m_2021_removeColombia_gridcode.tif.vat.dbf"
"sediment","low",107119563894.014,"jam_mar_benhab4m_2021_removeColombia_gridcode.tif.vat.dbf"
"sediment","mean",401713523501.674,"jam_mar_benhab4m_2021_removeColombia_gridcode.tif.vat.dbf"
"sediment","high",702167705190.959,"jam_mar_benhab4m_2021_removeColombia_gridcode.tif.vat.dbf"
"sediment","low",99281736532.3187,"pr_mar_benhab4m_2021_EEZs_gridcode.tif.vat.dbf"
"sediment","mean",372631322018.258,"pr_mar_benhab4m_2021_EEZs_gridcode.tif.vat.dbf"
"sediment","high",651520962749.829,"pr_mar_benhab4m_2021_EEZs_gridcode.tif.vat.dbf"
"sediment","low",99497230788.0992,"pr_mar_benhab4m_2021_EEZs_gridcode.tif.vat.dbf"
"sediment","mean",372720692810.093,"pr_mar_benhab4m_2021_EEZs_gridcode.tif.vat.dbf"
"sediment","high",651519663955.709,"pr_mar_benhab4m_2021_EEZs_gridcode.tif.vat.dbf"
"sediment","low",99480232552.8912,"pr_mar_benhab4m_2021_EEZs_gridcode.tif.vat.dbf"
"sediment","mean",372713636050.198,"pr_mar_benhab4m_2021_EEZs_gridcode.tif.vat.dbf"
"sediment","high",651639800099.525,"pr_mar_benhab4m_2021_EEZs_gridcode.tif.vat.dbf"
"sediment","low",99307337546.9667,"pr_mar_benhab4m_2021_EEZs_gridcode.tif.vat.dbf"
"sediment","mean",372682952449.435,"pr_mar_benhab4m_2021_EEZs_gridcode.tif.vat.dbf"
"sediment","high",651498241847.471,"pr_mar_benhab4m_2021_EEZs_gridcode.tif.vat.dbf"
"sediment","low",99287177528.8322,"pr_mar_benhab4m_2021_EEZs_gridcode.tif.vat.dbf"
"sediment","mean",372757329027.448,"pr_mar_benhab4m_2021_EEZs_gridcode.tif.vat.dbf"
"sediment","high",651505429070.078,"pr_mar_benhab4m_2021_EEZs_gridcode.tif.vat.dbf"
"sediment","low",99522847396.7047,"pr_mar_benhab4m_2021_EEZs_gridcode.tif.vat.dbf"
"sediment","mean",372661966621.324,"pr_mar_benhab4m_2021_EEZs_gridcode.tif.vat.dbf"
"sediment","high",651498521629.377,"pr_mar_benhab4m_2021_EEZs_gridcode.tif.vat.dbf"
"sediment","low",99471235949.9264,"pr_mar_benhab4m_2021_EEZs_gridcode.tif.vat.dbf"
"sediment","mean",372728552867.359,"pr_mar_benhab4m_2021_EEZs_gridcode.tif.vat.dbf"
"sediment","high",651527089542.029,"pr_mar_benhab4m_2021_EEZs_gridcode.tif.vat.dbf"
"sediment","low",99322705613.4709,"pr_mar_benhab4m_2021_EEZs_gridcode.tif.vat.dbf"
"sediment","mean",372663089489.41,"pr_mar_benhab4m_2021_EEZs_gridcode.tif.vat.dbf"
"sediment","high",651637204764.205,"pr_mar_benhab4m_2021_EEZs_gridcode.tif.vat.dbf"
"sediment","low",99383225038.5989,"pr_mar_benhab4m_2021_EEZs_gridcode.tif.vat.dbf"
"sediment","mean",372676552437.923,"pr_mar_benhab4m_2021_EEZs_gridcode.tif.vat.dbf"
"sediment","high",651539532470.344,"pr_mar_benhab4m_2021_EEZs_gridcode.tif.vat.dbf"
"sediment","low",99294510920.0382,"pr_mar_benhab4m_2021_EEZs_gridcode.tif.vat.dbf"
"sediment","mean",372703343516.308,"pr_mar_benhab4m_2021_EEZs_gridcode.tif.vat.dbf"
"sediment","high",651681515985.468,"pr_mar_benhab4m_2021_EEZs_gridcode.tif.vat.dbf"
"sediment","low",497067067679.447,"tci_mar_benhab4m_2021_gridcode.tif.vat.dbf"
"sediment","mean",1866895154234.22,"tci_mar_benhab4m_2021_gridcode.tif.vat.dbf"
"sediment","high",3263795099989.9,"tci_mar_benhab4m_2021_gridcode.tif.vat.dbf"
"sediment","low",497581002454.904,"tci_mar_benhab4m_2021_gridcode.tif.vat.dbf"
"sediment","mean",1867321945594.25,"tci_mar_benhab4m_2021_gridcode.tif.vat.dbf"
"sediment","high",3264386251768.31,"tci_mar_benhab4m_2021_gridcode.tif.vat.dbf"
"sediment","low",497717819425,"tci_mar_benhab4m_2021_gridcode.tif.vat.dbf"
"sediment","mean",1866742710224.86,"tci_mar_benhab4m_2021_gridcode.tif.vat.dbf"
"sediment","high",3263244269355.73,"tci_mar_benhab4m_2021_gridcode.tif.vat.dbf"
"sediment","low",498291923513.868,"tci_mar_benhab4m_2021_gridcode.tif.vat.dbf"
"sediment","mean",1867064256191.68,"tci_mar_benhab4m_2021_gridcode.tif.vat.dbf"
"sediment","high",3264738792285.13,"tci_mar_benhab4m_2021_gridcode.tif.vat.dbf"
"sediment","low",498298402767.949,"tci_mar_benhab4m_2021_gridcode.tif.vat.dbf"
"sediment","mean",1867077512114.8,"tci_mar_benhab4m_2021_gridcode.tif.vat.dbf"
"sediment","high",3263539141901.04,"tci_mar_benhab4m_2021_gridcode.tif.vat.dbf"
"sediment","low",498055524125.778,"tci_mar_benhab4m_2021_gridcode.tif.vat.dbf"
"sediment","mean",1867163999332.81,"tci_mar_benhab4m_2021_gridcode.tif.vat.dbf"
"sediment","high",3263817989759.7,"tci_mar_benhab4m_2021_gridcode.tif.vat.dbf"
"sediment","low",497617277846.681,"tci_mar_benhab4m_2021_gridcode.tif.vat.dbf"
"sediment","mean",1867349232682.25,"tci_mar_benhab4m_2021_gridcode.tif.vat.dbf"
"sediment","high",3264330970244.15,"tci_mar_benhab4m_2021_gridcode.tif.vat.dbf"
"sediment","low",497655017397.977,"tci_mar_benhab4m_2021_gridcode.tif.vat.dbf"
"sediment","mean",1867237193771.65,"tci_mar_benhab4m_2021_gridcode.tif.vat.dbf"
"sediment","high",3263952066661.74,"tci_mar_benhab4m_2021_gridcode.tif.vat.dbf"
"sediment","low",497950956479.322,"tci_mar_benhab4m_2021_gridcode.tif.vat.dbf"
"sediment","mean",1867139466452.43,"tci_mar_benhab4m_2021_gridcode.tif.vat.dbf"
"sediment","high",3264922102007.7,"tci_mar_benhab4m_2021_gridcode.tif.vat.dbf"
"sediment","low",497990854263.883,"tci_mar_benhab4m_2021_gridcode.tif.vat.dbf"
"sediment","mean",1867105152537.15,"tci_mar_benhab4m_2021_gridcode.tif.vat.dbf"
"sediment","high",3264004402975.41,"tci_mar_benhab4m_2021_gridcode.tif.vat.dbf"
"sediment","low",17594528015.315,"usvi_mar_benhab4m_2021_EEZs_gridcode.tif.vat.dbf"
"sediment","mean",65990337933.9518,"usvi_mar_benhab4m_2021_EEZs_gridcode.tif.vat.dbf"
"sediment","high",115319514235.989,"usvi_mar_benhab4m_2021_EEZs_gridcode.tif.vat.dbf"
"sediment","low",17584832015.4319,"usvi_mar_benhab4m_2021_EEZs_gridcode.tif.vat.dbf"
"sediment","mean",65975874449.4335,"usvi_mar_benhab4m_2021_EEZs_gridcode.tif.vat.dbf"
"sediment","high",115334437580.942,"usvi_mar_benhab4m_2021_EEZs_gridcode.tif.vat.dbf"
"sediment","low",17609492825.8952,"usvi_mar_benhab4m_2021_EEZs_gridcode.tif.vat.dbf"
"sediment","mean",65970061932.1692,"usvi_mar_benhab4m_2021_EEZs_gridcode.tif.vat.dbf"
"sediment","high",115320995555.228,"usvi_mar_benhab4m_2021_EEZs_gridcode.tif.vat.dbf"
"sediment","low",17595076597.5667,"usvi_mar_benhab4m_2021_EEZs_gridcode.tif.vat.dbf"
"sediment","mean",65977515945.4001,"usvi_mar_benhab4m_2021_EEZs_gridcode.tif.vat.dbf"
"sediment","high",115350626885.358,"usvi_mar_benhab4m_2021_EEZs_gridcode.tif.vat.dbf"
"sediment","low",17583760336.9548,"usvi_mar_benhab4m_2021_EEZs_gridcode.tif.vat.dbf"
"sediment","mean",65985691424.1998,"usvi_mar_benhab4m_2021_EEZs_gridcode.tif.vat.dbf"
"sediment","high",115399424329.925,"usvi_mar_benhab4m_2021_EEZs_gridcode.tif.vat.dbf"
"sediment","low",17637071535.4337,"usvi_mar_benhab4m_2021_EEZs_gridcode.tif.vat.dbf"
"sediment","mean",65971669281.8157,"usvi_mar_benhab4m_2021_EEZs_gridcode.tif.vat.dbf"
"sediment","high",115356935909.58,"usvi_mar_benhab4m_2021_EEZs_gridcode.tif.vat.dbf"
"sediment","low",17571619492.9551,"usvi_mar_benhab4m_2021_EEZs_gridcode.tif.vat.dbf"
"sediment","mean",65997374741.7443,"usvi_mar_benhab4m_2021_EEZs_gridcode.tif.vat.dbf"
"sediment","high",115333201426.513,"usvi_mar_benhab4m_2021_EEZs_gridcode.tif.vat.dbf"
"sediment","low",17593114767.6925,"usvi_mar_benhab4m_2021_EEZs_gridcode.tif.vat.dbf"
"sediment","mean",65983216885.1214,"usvi_mar_benhab4m_2021_EEZs_gridcode.tif.vat.dbf"
"sediment","high",115350381810.455,"usvi_mar_benhab4m_2021_EEZs_gridcode.tif.vat.dbf"
"sediment","low",17584100354.7221,"usvi_mar_benhab4m_2021_EEZs_gridcode.tif.vat.dbf"
"sediment","mean",65959150906.6719,"usvi_mar_benhab4m_2021_EEZs_gridcode.tif.vat.dbf"
"sediment","high",115331686219.668,"usvi_mar_benhab4m_2021_EEZs_gridcode.tif.vat.dbf"
"sediment","low",17591306701.9102,"usvi_mar_benhab4m_2021_EEZs_gridcode.tif.vat.dbf"
"sediment","mean",65970934028.9489,"usvi_mar_benhab4m_2021_EEZs_gridcode.tif.vat.dbf"
"sediment","high",115308421787.716,"usvi_mar_benhab4m_2021_EEZs_gridcode.tif.vat.dbf"
